tw;puntuacion
OMS advierte que aumento del uso de antibioticos para combatir la COVID 19 causara mas muertes n Hay un preocupante numero de infecciones bacterianas que se estan haciendo cada vez mas resistentes a los remedios tradicionalmente utilizados para combatirla DrTedros de la OMS;0
En teoria las personas presas tienen el mismo derecho a la salud que la poblacion general pero la realidad es muy diferente;0
Asambleista Como pudo el pais tener al frente a alguien que no acredita ningun conocimiento academico para una pandemia de la magnitud del covid 19 Por que el Gobierno no la gestiono con profesionales acreditados nY acaso todos los asambleistas son PHD;0
angelitaav Positivo para covid 19;0
Que determino un estudio sobre un vuelo con 9 neozelandeses infectados de AH1N1 y que medidas se deben aplicar en los vuelos en tiempos de COVID 19;0
Estados Unidos sigue en protesta aunque su presidente los envia a toque de queda ellos siguen en pie de lucha y no permitiran que esto simplemente sea una manifestacion mas El tema que preocupa es las consecuencias en el tema de contagio de covid 19 que esto pueda acarrear;0
Salud En la man ana de este lunes fallecio el cuarto miembro de una misma familia de Malambo Atlantico a causa del Covid 19 n n Lea la nota completa aqui;0
La vaina esta tan jodida que hasta a la casa blanca le quitaron la luz por falta de pago n n Covid 19;0
Malambo presenta 271 Casos de Covid 19 de los cuales 216 son activos 79 7 desde la primera semana de mayo todos los casos reportados son CasosEnEstudio Gravisimo;0
Ecuador Ministro de Salud dice que Quito vive pico de atenciones por covid 19 no de contagios Y la demanda de atenciones por que son El Comercio;0
Soacha presenta 337 Casos de Covid 19 de los cuales 245 son activos 72 7 desde la ultima semana de mayo todos los casos reportados son CasosEnEstudio Grave;0
En Colombia mucha gente no cree en el COVID 19 pero vaya y digales que se estan metiendo al conjunto del lado a robar y vera;0
Buenaventura presenta 519 Casos de Covid 19 de los cuales 449 son activos 86 5 desde la ultima semana de mayo todos los casos reportados son CasosEnEstudio Grave;0
Tumaco presenta 779 Casos de Covid 19 de los cuales 688 son activos 88 3 desde la ultima semana de mayo todos los casos reportados son CasosEnEstudio Grave;0
Internacional La OMS advirtio que America Latina esta lejos de alcanzar el pico de contagio por Covid 19 n nAmplie la informacion aqui;0
Soledad presenta 1 318 Casos de Covid 19 de los cuales 1 009 son activos 76 5 desde la ultima semana de mayo todos los casos reportados son CasosEnEstudio Grave;0
Covid 19 no es un arma disen ada contra los humanos es un arma disen ada contra la economia en medio de una guerra economica;0
El conocimiento duele pero mas duele el tener los ojos vendados y las manos atadas sin poder hacer nada al respecto Anonymuos Covid 19;0
velezfutbol RevistaSemana Entonces no hacemos nada Salga a la calle y compruebe que el COVID 19 no lo mata Es la infeccion mas desconcertante que hay Que ignorante O pongase a Fumar para que entre entre los 8 millones;0
La capacidad de hospitales en la capital esta al limite y asi quieren que empecemos a salir el miercoles en Quito Ojala que no desborde todo Covid 19;0
Una pregunta todos esos imbeciles que salen a destruir las ciudades en USA estan inmunes al Covid 19 porque a la estupidez estoy seguro que si estan inmunes;0
PalomaValenciaL AndresPastrana Ya son amigos Cuando podemos leer su Twitter sobre los alcaldes corruptos del CeDemocratico en compras de ayudas Covid 19;0
En Barcelona SC hay un caso positivo por Covid 19;0
jeffersongut7 Que le dio perro Covid 19;0
Ahora que hay protestas en contra del racismo solo dire COVID 19 haz lo tuyo;0
En Peru la policia y serenazgo le roba sus productos y maltrata a la gente que trabaja todos los dias para llevar algo que comer a su familia Los productos decomisados nunca los devuelven La policia debe cuidar a los ciudadanos no atentar contra ellos Covid 19 PoliceBrutality;0
PartisanoNegro Camacho17L Yo pienso como Profesional de la SALUD y creo que el caos Sanitario que se presentara despues de 20 dias se pudo Prevenir n nUSA tiene cerca de 2millones de Contagios por Covid 19 y logro acostar la curva de Contagios hace 15 dias nTodo ese esfuerzo se perdio y entraran en Crisis;0
Los medicos de Nicaragua exigen una cuarentena nacional ante colapso del sistema de salud provocado por la covid 19 a traves de el pais;0
De acuerdo al reporte de hoy 1 de junio del INSColombia sobre el Covid 19 en Colombia DesdeLosDatos miremos municipios pequen os con mas de 200 Casos con la grafica de CasosEnEstudio vs CasosRelacionados;0
New post in AEVStereo Agencia EFE EFE las claves de por que el COVID 19 en Venezuela se ceba con los mas jovenes n nContrario a las estadisticas mundiales el 71 7 de los contagiados por COVID 19 en Venezuela tienen entre 0 y 39 an os con 1 046 perso;0
Dia 1 de semaforo amarillo en Riobamba comprobado que la gente estaba en verde hace bastante rato Covid 19;0
36 personas en una residencia de adultos mayores de Ecuador estan infectadas de covid 19 El Comercio;0
compaiRENE Puede existir una salida social a traves de la indignacion en las calles al darse cuenta que no los mata el Covid 19 sino las politicas economicas y sociales de un gobierno que no le interesan los ciudadanos y los pobres n PalabraSueltaxKolectiVOZ;0
Alguien que me explique que significa En Quito no hay pico de contagios de Covid 19 hay pico de demanda de camas Y la demanda de camas es para Asentar el chuchaqui acaso;0
Veo con asombro como comparten videos del caos en USA como respuesta al homicidio de un Ciudadano Afroamericano n han pensado en el Repunte de los Contagios y Muertes por Covid 19 nEn 20 dias Colapsaria la red Hospitalaria y las Morgues nEsto podria costar mas de 20mil vidas;0
compaiRENE Lenin Moreno no gobierna son los grupos economicos los que gobiernan y ponen las leyes que son mecanismos de explotacion y despojo de la riqueza humana y social para generar una acumulacion sin precedentes mayor a la de 1999 n PalabraSueltaxKolectiVOZ n Covid 19;0
HastaMismas camilin86 DavilaAurelio SebasDecker Si tuvieras un apice de inteligencia pensarias por un segundo En tu equipo hay 8 PERSONAS CON EL COVID 19 Sabes cuales son las disposiciones en esos casos;0
La audiencia en el caso del derrame de petroleo del 7 de abril de fue cancelada hoy Lina Maria Espinosa coordinadora juridica de Amazon Frontlines dijo que los funcionarios judiciales eran sospechosos de estar contagiados de covid 19 n n;0
Escandalo Barcelona habria escondido casos de coronavirus en 5 de sus figuras;0
tubarconews depacali AlcaldiaDeCali A mi mama le diagnosticaron dengue y ahora salio positivo para covid 19 entonces al fin que tiene;0
Historica marcha feminista n Aparece el covid 19 n Temperatura record en la Antartida;0
La madre es la unica sobreviviente de esta familia de cinco integrantes que fue duramente golpeada por el coronavirus;0
fecode Mineducacion Fiduprevisora Que tal los barrigones directivos nde fecode invitando a los docentes trabajadoras e integrantes de comunidad educativas osea a los zombis para que salgan a las calles y se contagien de Covid 19 mientras ellos felices en sus casas;0
DiegoFerCri1 Hay muchos problemas sociales actualmente quizas pueda que quieran hacer una nueva de cortina al Covid 19 Lo cierto es que con esta nueva informacion sacada a la luz se viene consigo una ola de disturbios como lo estamos presenciando justo ahora educate;0
COVID19Ecuador Las pruebas diagnosticas para el SARS COV 2 Covid 19 se estan utilizando mal sin criterio sin control y con desperdicio seguro de recursos publicos nLea el nuevo articulo de opinion de Juan Jose Suarez n;0
Colombia supera los 30 000 casos de COVID 19 y se acerca a las 1 000 muertes a traves de YahooActualidad;0
Bogota sigue alarmando por expansion de COVID 19 tiene la tercera parte de casos del pais;0
Colombia alcanza los 30 493 casos de COVID 19 n;0
Bendita suerte la mia mi esposa mi mujer del alma dio positivo al Covid 19;0
RevisaINFOCancha y mira nuestro Informativo digital INFOCANCHA Al Instante con estos temas n n BarcelonaSC confirma un primer caso positivo de Covid 19 n EstebanPazR responde una vez mas a Nassib Neme n DelfinSC aclara no haber vuelto a los entrenamientos;0
minacaracol minacaracol Asi el Sr JorgeIvanOspina Pensando en abrir Establecimientos sabiendo lo mal q esta la ciudad sobre el Covid 19 La gente no piensa no quieren hacer caso y esto nos va a joder mas de lo q estamos;0
7090188bd9bf421 MashiRafael El COVID 19 causara miles de muertos en Ecuador nEl remedio del gobierno es mucho peor que la enfermedad nLa cuarentena general y obligatoria causara mucho mas dan o que el virus;0
Las cifras oficiales reconocen algo mas de 5 000 muertes por Covid 19 o probable contagio en Ecuador Pero entre el 1 de marzo y el 24 de mayo se registraron al menos 15 000 muertes en exceso con respecto;0
El primer caso de Covid 19 en el pais se registro hace casi tres meses en la ciudad de la provincia de Los Rios;0
Mexico Al menos cinco iglesias de la ciudad de Xalapa en el estado mexicano de Veracruz amanecieron este lunes 1 de junio vandalizadas con pintas proaborto y mensajes anticlericales n;0
CESAR GobdelCesar reporta 32 nuevos casos positivos de Coronavirus COVID19 cortesia luismonsalvo CesarSecSalud;0
acastropiedra Repito Algunos buses casi vacios Y ahora nadie querra viajar en bus los duen os de buses quebraran como cualquier otro negocio similar la presencia del COVID 19 en todo el pais tambien presencia similar en una determinada actividad Rigurosa proteccion y a salir adelante;0
gustavo72210477 IvanDuque Gustavo a la fecha en nuestro pais se registran 969 muertes por Covid 19 En este enlace encuentras informacion detallada de las pruebas realizadas casos confirmados por region y una serie de recomendaciones impartidas por MinSaludCol;0
Agencia API Para emergencia COVID 19 nEsa platica no la vera el pueblo colombiano invertida es hospitales o centros medicos ni en el personal de salud n nEsos dineros van a parar a los bolsillos de la mafia narcoCORRUPTA uribista y su lider el gran Matarife colombiano;0
splendid1040 Algunos buses casi vacios Y ahora nadie querra viajar en bus los duen os de buses quebraran como cualquier otro negocio similar la presencia del COVID 19 en todo el pais tambien presencia similar en una determinada actividad Rigurosa proteccion y a salir adelante;0
Tragedia familiar 4 integrantes de una misma familia fallecieron por COVID 19;0
VIDEO Presidente Alfaro Moreno confirmo un caso de covid 19 en Barcelona n nDetalles aqui;0
Sen or MinSaludCol n IvanDuque esto no puede estar pasando que inresponsabilidad nSolo llamaron a agendar cita no se hicieron la prueba y a los dias recibieron resultados 4 positivos para Covid 19;0
Leer este comentario y firmar la peticion Parece que no supieran como esta la situacion en Piura con escasez de todo tipo de recursos para afrontar el Covid 19 Atiendan a Piura por justicia a traves de ChangeorgLatino;0
ATENCION Ambato alcanzo los 409 contagios confirmados de COVID 19 en Tungurahua se registran 513 casos y 68 fallecidos A nivel nacional los casos ascienden a 39 994 las muertes confirmadas suman 3 394 y 2 135 defunciones por probable coronavirus n n RadioCentro;0
MachadoRobertoO 1 2 Bueno como parece que las noticias del guayas a pichincha vienen en mensaje escrito a mano y el unico transporte son chasquis les informo q en EMELEC Y BARCELONA hay positivos al COVID 19 pero eso no importa hay q volver a las canchas;0
Siete meses aproximadamente desde el primer brote en Wuhan y miren los estragos que ha causado No quiero siquiera imaginarme el saldo dentro de un an o mas n n Covid 19;0
Ojala sus contradictores tengan pantalones para reconocer que las mejores decisiones en pro de ayudar a su gente contra el Covid 19 las ha tomado usted nYo aqui imaginandola como presidenta en unos an os no se pienselo ClaudiaLopez;0
Junio sera un mes de avance en los programas del Gobierno Duque;0
AuroraBurgos4 tuprimonv JEP Colombia Este tipo envejecio llevandole la contraria a la democracia Mirenlo nomas como tiene su aspecto de enfermo de Covid 19;0
fecode Mineducacion Fiduprevisora Esto es el colmo estan en cese de actividades por el Covid 19 y ya sacan fecha para protestar Son muy mal ejemplo para la sociedad;0
Principales noticias sobre Coronavirus Covid19 Quedateencasa EstaEnTusManos Colombia llega a 30 493 casos de contagio Bogota Cuidadora Plataforma para registrarse si va a salir El Covid 19 habria llegado en febrero a Colombia EdgarRicardoArd n;0
BluRadioCo Colombia siempre ha tenido una tasa de desempleo muy alta Este pais no tiene suficiente leyes que protejen la posicion de los empleados y durante COVID 19 el Gobierno no ha hecho suficiente para ayudar las empresas pequen as en pagar los sueldos de sus trabajadores;0
Hola no se olviden que seguimos conviviendo con un virus y que continuan muriendo mas personas y aun no hemos encontrado cura n nEsto es un distractor n anonymus n Covid 19;0
Regiones El gobernador de Cundinamarca CundinamarcaGob Nicolas Garcia nicolasgarciab confirmo que la directora de Gestion del Riesgo del departamento Gina Herrera glherrera resulto positiva para Covid 19 n RCUNDINAMARCA n;0
Colombia llego a los 30 493 contagiados por COVID 19;0
NoticiasDeLaHora Mototaxistas en Pasto realizaron un planton para exigirle al alcalde GERMANCHAMORRO1 que modifique el decreto de prohibicion de parrillero La medida que fue adoptada por la alcaldiapasto busca evitar la propagacion del COVID 19;0
Atencion 11 conductores de buses urbanos de Cuenca dieron positivo para COVID19 via Informados Ec;0
Charly Garcia esta hospitalizado aunque descartan coronavirus n Se le realizaron todos los estudios pertinentes El test indicado para Covid 19 dio resultado negativo dice el comunicado Garcia de 68 an os permanecera pocos dias mas internado en una habitacion comun;0
COVID 19 impacto en abril la produccion de crudo y gas en Colombia;0
ELTIEMPO Los de Fecode son mas terribles que el Covid 19;0
Ecuador nLa OMS da gracias a los gobiernos que han aportado con para difundir la campan a del Covid 19 como nos e s bien conocido que el Sr Lenin entre otros son muy solidarios con la corrupcion no seria nada fuera de serie que los haya dado n;0
En Barcelona SC hay un caso positivo por Covid 19;0
Figurense que en Espan a ha muerto por la COVID 19 una de cada mil personas y en paises como Brasil seran muchos mas pero en Colombia no faltan los descerebrados que creen que no pasa nada que es una gripita y que no se debe hacer nada que limite los derechos individuales;0
Un fallecido y mas de 20 adultos mayores contagiados de coronavirus en asilo de Ambato coronavirusenEcuador;0
Dificil no quebrantarse y analizar sobre la vida al saber la historia de una madre que ya habia perdido a sus dos hijos su esposo y hoy fallecio su ultimo hijo a causas del COVID 19 Malambo;0
Con tal de desviar la atencion de lo que sucede en el MunicipioQuito se hacen animalistas y ambientalistas acerrimos nMientras tanto hacen un festin con el sagrado dinero del pueblo quiten o n Covid 19 n Quito;0
LaGuajira Gobernacion de La Guajira LAGUAJIRAGOB confirma 2 nuevos casos de Coronavirus COVID19 NemesioRoys;0
Este an o si que ha estado enlazado a muchos acontecimientos Covid 19 SpaceX IncendiosForestales policias que asesinan a personas en EEUU y por ultimo las aclaraciones de Anonymuos n nBelleza de an o;0
Mexico Atacan iglesias con pintas abortistas en plena emergencia de COVID 19 via aciprensa;0
Un total de 11 conductores de los buses urbanos de Cuenca dieron positivo a la prueba de coronavirus o Covid 19 que les hizo el Municipio de Cuenca Detalles gt gt;0
Es mas facil morir de otras enfermedades que de Covid 19 las otras enfermedades no son noticias porque no dan plata a los medios y politicos entonces a quien importa themediaisthevirus;0
Ecuador registra 3 394 fallecidos oficiales y 39 994 positivos por COVID 19;0
Atencion El departamento del Quindio registro 1 caso nuevo de Covid 19 n nMuestras pendientes 102 n n Colombia registra mas de 30 000 casos;0
Ademas del riesgo de contagiarse de Covid 19 indigenas kichwa enfrentan las consecuencias del derrame de petroleo en el rio Coca que piden al gobierno n;0
Antioquia 67 casos nuevos numero de contagiados por COVID 19 llega a 1 168;0
Ultimo mapa de alto riesgo del Covid 19 en Monteria Muestra las comunas mas afectadas;0
Nos hemos olvidado del covid 19 de la mediocridad de nuestro gobierno y los casi 40 000 mil contagiados;0
Sen or navarrowolff a usted y sus colegas les parece logico q en esta crisis economica en q esta envuelto el pais por el Covid 19 ustedes esten pensando en mas vandalismo y dan os a la infraestructura Por q para eso es lo unico q han servido las tales marchas y protestas;0
DerrameSOSAmazonia Se preve que hasta este miercoles 2 de junio se informe sobre la continuacion del proceso asi lo informo hoy el juez del OrellanaCJ luego de suspender la diligencia por problemas de salud en su equipo tecnico n nLeer mas;0
ATENCION nSe confirma primer caso de COVID 19 en la estacion de policia de Los Martires n nSe trata de un ciudadano extranjero en condicion de extraditable;0
Murio el cuarto miembro de una familia de cinco que resulto contagiada con coronavirus;0
Fallece el profesor de la Comunidad San Pablo de la Nacion NSiekopai con sintomalogia de COVID 19 Lo mas grave que el Estado ecuatoriano sigue sin aplicar una politica clara de prevencion y proteccion a los pueblos indigenas Como udapt oficial Nuestra solidaridad;0
Este video atribuido a Anonymos indica que Bill Gates y sus intereses en las industrias farmaceuticas estarian vinculados al Covid 19 pandemia oportuna para arrancar plan de dispositivo de rastreo implantado en los seres humanos nNingun guion de Hollywood puede superar esto;0
FutbolEC Pese a los inconvenientes en LDU Oficial comenzaron las pruebas de Covid 19;0
Extranjera se siente discrimanda por Covid 19 a traves de YouTube;0
La Izquierda en EU es tan irresponsable que incita a protestas no importandole que se propague el Covid 19 nSu cultura es la violencia y la muerte;0
ATENCION nAutoridades de Santa Rosa Bolivar reportan el primer caso de COVID 19 en ese municipio nEl paciente permanece aislado en su casa y ya se tomaron las medidas para el cerramiento epidemiologico;0
Presidente de BSC confirma un caso positivo de coronavirus;0
El 4 11 y 18 de junio desde las 10h00 Ecuador participa en el panel virtual La sociedad rural y las cuestiones alimentarias de America Latina frente al COVID 19 n n Mas informacion;0
TWEET Covid 19 En Guayaquil le echan la culpa al COE por la suspension de los entrenamientos y defienden a Emelec;0
Man ana por la sen al de majestadfm el Dr Roberto Ponce Coordinador General de Control de Calidad del HCAM explicara como se realizara la Consulta Externa en esta casa de salud tras el cambio de semaforo por la emergencia sanitaria de Covid 19 n n IESSec;0
Solo llamaron a agendar cita no se hicieron la prueba y a los dias recibieron resultados 4 positivos para Covid 19;0
Las personas que dicen que YourAnonNews son unos mentirosos y locos Son las mismas que creen en la conspiracion de que el Covid 19 se transmite por las antenas del 5G;0
Si los restaurantes y clientes y en este caso este personaje de la tv no cumplan el protocolo de distanciamiento por el Covid 19 n nGuayaquil volvera a una segunda ola n nEllos debe dar el ejemplo miles los siguen por redes sociales;0
Se confirma primer caso de COVID 19 en la estacion de policia de Los Martires;0
jclopezcnn me parece que arrugaron tuvieron miedo o les prohibieron pasar el informe sobre el covid 19 que esta acabando con miles de vidas pierden credibilidad prefieren dar cobertura a la muerte de george floyd;0
4 de cada 5 personas reportaron disminucion de ingresos durante la emergencia sanitaria en Ecuador y 1 de cada 3 perdieron su trabajo n n Asi concluye una investigacion de TexasTech y MedicinaUNL n n Lee el informe completo aqui gt;0
COVID 19 en tiempos de VIH En Colombia la infeccion por el VIH es la que menor aporta a las comorbilidades de los fallecidos n nSer adherente al tratamiento antirretroviral es la clave;0
Participa este 3 de junio en el Foro Retos del sector hotelero en tiempos de Covid 19 n nConectate en n nActiva la campanita para recibir una notificacion del evento;0
Y ustedes como van con Susana su sana distancia Covid 19 cuarentena DistanciamientoSocial FindelComunicado;0
Un fallecido y mas de 20 adultos mayores contagiados de coronavirus en asilo de Ambato;0
Pasto EnVIVO contra el Covid19 n nConectate este martes 2 de junio a las 4 00 p m para que conozcas acerca de la situacion actual del COVID 19 en Pasto ademas de las nuevas medidas adoptadas para la contencion del virus n n Participa en nuestros CiclosEnVivo;0
Reporte Detallamos las mas recientes cifras por el COVID 19 registradas en el Valle del Cauca ElValleSeQuedaEnCasa Datos del 01 de junio de 2020 Fuente Secretaria de Salud Departamental secsaludvalle;0
Colombia Un estudio de la Universidad del Rosario URosario revelo que la infeccion por Covid 19 habria llegado a Colombia desde Francia un mes antes del primer registro n;0
LEAN Y DIFUNDAN nEl coronavirus revela la desigualdad de la region por Elmer Huerta via elcomercio peru;0
El equipo brasilero Vasco da Gama confirmo 16 positivos en COVID 19;0
EEUU alcanzo este lunes los 1 808 291 casos confirmados de Covid 19 con mas de 105 003 fallecidos n NuevaYork se mantiene como el gran epicentro de la pandemia en EEUU con 371 711 contagiados una cifra unicamente por debajo de Rusia y de Brasil n SucreEnLaNoticia;0
100 de productores de feria De la Chacra a la Olla dieron negativo al covid 19 en Moquegua;0
Caras vemos covid 19 positivo no sabemos;0
Tu salud y la de tu familia esta en tus manos Esta batalla la ganamos J U N T O S TeQueremosSano Covid 19 nConoce mas n n IFRC es eu echo;0
Contraloria emitio y publico mas de 3 600 informes de control en el marco de la Emergencia Sanitaria por COVID 19 a traves de elregionalpiura;0
tangoferoz Son unos hijos de puta a esos nunca les da una diarrea y los inocentes Muriendo de covid 19 y siendo violados No entiendo;0
Nuevos municipios con presencia de Covid 19 las cifras aumentan cada dia pero tambien debe aumentar nuestra responsabilidad y autocuidado para poder hacerle frente a esta emergencia n n;0
Tres internos de la carcel La Picota dieron positivo para COVID 19;0
Todos los paises estamos con problemas no solo usa los noticieros solo son Coronavirus aqui Coronavirus alla y eso desvia lo que en verdad pasa en todos los paises estoy cansado que tapen todo con el tema del covid 19 parece que no hay otro tema;0
Salud Con mas de mil contagios en menos de 24 horas Colombia llego a 30 000 casos positivos de COVID 19 n nAmplie la informacion aqui;0
Ecuador registro hasta este lunes 1 de junio de 2020 3 394 fallecidos oficiales 2 135 probables y 39 994 positivos por Covid 19 informo el Ministerio de Salud Publica;0
A 4 634 se elevo el numero de fallecidos por covid 19 en el Peru y 170 039 casos positivos a traves de elregionalpiura;0
Cifras del COVID 19 en Cartagena n nHoy la ciudad en el dia de su cumplean os sumo 74 casos nuevos de COVID 19 dejando un total de 3 037 pacientes con la enfermedad n nAdemas en Cartagena fallecieron 4 personas el dia de hoy con un total de 140 muertos por la pandemia;0
Region Piura tiene 8 143 casos confirmados de Covid 19 y 527 fallecidos segun Minsa a traves de elregionalpiura;0
MinSaludCol Un medico puede exigirle a un paciente con cancer de colon un examen de Covid 19 sin una alguna justificacion Y si el paciente no lo hace en el tiempo requerido le pueden cancelar el tratamiento;0
Esta man ana saludquito del MunicipioQuito aplico pruebas PCR para deteccion del COVID 19 a BomberosQuito Cuidar la salud del personal que labora en primera linea es nuestra prioridad DisciplinaParaVolver;0
La parte cafe indica como evolucionara el numero diario de contagios de COVID 19 si se reducen las medidas de aislamiento social en 50 en Ecuador COVID19ec n;0
Dr Freddy Carrion Intriago La principal funcion de la DefensoriaDelPueblo es la promocion y proteccion de los DDHH de la ciudadania sobre todo en el contexto de la EmergenciaSanitaria por la Covid 19;0
VIDEO Medicos alemanes y 100 mil pruebas PCR llegaron a Ecuador para la lucha contra el covid 19 El presidente Lenin Moreno recibio la ayuda en Guayaquil n nDetalles aqui;0
Si el COVID 19 no logro que le pagaran los sueldos atrasados al personal de salud no lo hara posible ni Mandrake;0
America Latina el actual epicentro de la pandemia supero el millon de casos de la COVID 19 La mitad de ellos en Brasil;0
La Cifra El Proyecto HidroItuango Ya Cuenta Con 237 Personas Contagiadas Por Covid 19;0
Se acuerdan cuando un gran PENDEJO Ministro de Salud de Peru ponia como mal ejemplo de manejo de la crisis COVID 19 a Ecuador Ya Ahora vean lo que pasa en Peru los medicos de los hospitales cierran las puertas a los pacientes y se quedan viendo cruzados de brazos como si nada;0
jclopezcnn para que promocion un especial sobre el covid 19 si no lo van a pasar es una falta de respeto a la teleaudiencia prefieren dar cobertura a la muerte de george floy y las protestas;0
Gracias a mi querida Angela Bastos por hacerme parte de este trabajo transfronterizo sobre el Covid 19 en America Latina nAqui les dejo el link n n;0
El 53 6 de infectados con covid 19 tiene entre 20 y 49 an os Como dice el medico entrevistado en esta nota se trata de la fuerza productiva del pais La que estos dias vuelve a trabajar Por eso el cuidado es vital;0
4 personas con traje antifluido mascaras tapabocas y guantes les tomaron muestras por ser sospechosos de covid 19 n nY asi es como llega el coronavirus al campo;0
Extincion de mamiferos se acelera pese a que actividad humana dio respiro por COVID 19;0
RevisaINFOCancha y mira nuestro Informativo digital INFOCANCHA Al Instante con estos temas n n Luto en el referato nacional por fallecimiento de Rosa Canales n juanicazares protagoniza escandalo en Brasil n LDU Oficial hizo pruebas de Covid 19 a sus jugadores;0
Este 3 de junio con el cambio de SemaforoAmarilloEnQuito ObrasQuito habilita el peaje Guayasamin Para minimizar el riesgo de contagio de Covid 19 implemento una aplicacion movil para adquirir el TAG de este peaje nConoce mas;0
Los abusos continuaran hasta septiembre u octubre con la omnipotencia adquirida por los politicos por el infundado panico del Covid 19 Mientras el gob central autorice y acolite estas alcaldadas seran la norma;0
LigaPro JuanBarriga galeno de LDU Oficial confirmo que existe un caso positivo por COVID 19 en la interna del Rey de Copas Solo tuvimos un caso positivo que no es parte del cuerpo tecnico ni jugadores;0
8 conductores de bus urbano fueron aislados luego de resultar positivo para Covid 19 pedropalaciosu MunicipioCuenca ctccuenca Cuenca;0
Lenin WilsonCanizares Ojala te de COVID 19 para que entiendas lo que la gente ha padecio Lenin ladron corrupto;0
Te compartimos el ProgramaLupa el especial transfronterizo de saludconlupa que convoco a periodistas de diez paises de la region incluido cuestion p para investigar los impactos de la pandemia del COVID 19 Mas;0
Cifras de Covid 19 en Ecuador de hoy martes 02 de junio n n 118 574 muestras n 4 000 recuperados n 11 399 altas epidemiologicas n 52 937 casos descartados n 40 414 confirmados n 3 438 personas fallecidas n n Azuay 900 casos n Cuenca 767 casos;0
El COVID 19 nos jodio Antes hablabamos de curva de rendimiento deportivo ahora de curva de contagio Las cifras de puntos y goles fueron remplazadas por contagiados recuperados y muertos Ya no hablamos de sistemas de juego ahora de estrategia para detener el virus;0
CEcuNuevaYork CancilleriaEc EmbajadaEcuUSA CEcuQueens carmarbol No entiendo porque en la parte de APO en domicilio dice que al septimo dia se podra realizar una prueba pcr a su costo si se supone que eso es para los que estan en hoteles sin prueba o positivos y no llevaron su prueba negativa de covid 19 al ingresar al pais;0
Uno de los sectores que ha sido afectado en mayor grado es el turistico ya que por el miedo al contagio del covid 19 las personas tienen muchos recelos y miedos de movilizarse entre paises Lee el articulo del wilsonaraquej de la uasbecuador;0
URGENTE Logron o registra el primer caso de covid 19 Es decir ya en todos los cantones de la provincia existen contagios MoronaSantiago asciende a los 131 casos ademas 5 personas han fallecido hasta este martes 02 de junio;0
La Secretaria Metropolitana de Salud continua con la aplicacion de Pruebas PCR para deteccion del Covid 19 al personal municipal que se encuentra trabajando en primera linea DisciplinaParaVolver ConMedidasSalvamosVidas;0
ATENCION Estos son los datos de la crisis sanitaria del 2 de junio de 2020 nConfirmados 40414 nDescartados 52937 nFallecidos 3438 nFallecidos con probable COVID 19 2201 nRecuperados 4000;0
henrypinela Han aumentado los casos Covid 19 estos dias;0
COVID 19 La presentadora le conto a sus seguidores las medidas que esta tomando ante esta inesperada situacion n n;0
ATENCION Hay 3 438 victimas mortales por Covid 19 en Ecuador n nDetalles aqui;0
ElQueLosDELATA Esto del matarifeoficial los tiene mas enfermos que el miedo al Covid 19;0
Situacion nacional por Covid 19 Coronavirus n n 40 414 Casos confirmados n 52 937 Casos descartados n 4 000 Casos recuperados n 3 438 Fallecidos n 4 583 Alta Hospitalaria n 11 399 Alta Epidemiologicas n n El articulo completo en;0
osansamo redentor2126 De este caos solo va a quedar mas miedo y temores que seran tierra fertil para perpetuar un Racismo que abrira una brecha mas grande en la Poblacion Norteamericana n nCon las protestas Vendran mas Muertes por Covid 19 todas esas perdidas traeran mas Resentimiento;0
URGENTE nSe reportan 40 414 casos de covid 19 en Ecuador n nDetalles aqui;0
URGENTE nSe reportan 40 414 casos de covid 19 en Ecuador n nDetalles aqui;0
El COE N difundio este 2 de junio de 2020 nuevas cifras de casos de coronavirusenEcuador Existen 40414 casos confirmados de covid 19 y 3438 personas fallecidas hasta la fecha;0
02Jun USA Covid 19 n PERSONAS EN USA nno se estan ubicando que esta Horda de Maleantes como el Foro de Sao Paulo y Cia son otra cosa y que ahora en el Mundo los disturbios y destrozos de la Sociedad son en un 80 por el Comunismo y Cia y van en union del Terrorismo el;0
El COE N difundio este 2 de junio de 2020 nuevas cifras de casos de coronavirusenEcuador Existen 40414 casos confirmados de covid 19 y 3438 personas fallecidas hasta la fecha;0
En Ecuador hasta la man ana de este martes se han confirmado 40 414 casos positivos de COVID 19 El numero de fallecidos subio a 3 438 Las provincias con mas muertes registradas Guayas Manabi Pichincha y Santa Elena n n El articulo completo en;0
En la carcel San Sebastian de Ternera en Cartagena se prendieron las alarmas por el covid 19 En las ultimas horas se reportaron 86 nuevos internos contagiados;0
CIFRAS Ecuador registra 40 414 casos de COVID 19 n nEl Ministerio de Salud Publica entrego la cifra actualizada de personas contagiadas de Coronavirus en el pais Se detallo ademas que se han realizado 118 574 pruebas n n Mas detalles AQUI;0
CIFRAS Ecuador registra 40 414 casos de COVID 19 n nEl Ministerio de Salud Publica entrego la cifra actualizada de personas contagiadas de Coronavirus en el pais Se detallo ademas que se han realizado 118 574 pruebas n n Mas detalles AQUI;0
Barranquilleros se niegan a practicarse test de COVID 19 y hacen bullying a trabajadores de la salud;0
ACTUALIZACION n3 438 personas han muerto en Ecuador por coronavirus 78 de ellas en SantoDomingo;0
ACTUALIZACION n3 438 personas han muerto en Ecuador por coronavirus 450 de ellas en Manabi;0
El mundo se desmorona muy rapido y cuando menos lo pensemos estaremos destrozados n JunioSorprendeme junio2020 coronavirus Covid 19 Anonymous;0
ACTUALIZACION n3 438 personas han muerto en Ecuador por coronavirus 450 de ellas en Manabi;0
porquetendencia El Covid 19 se ha creado para dominar al mundo;0
LDUQ nSegun informacion del cuerpo medico de la U una persona del club dio positivo de Covid 19 n nEn el equipo albo las pruebas se realizaron ayer en el complejo del equipo;0
YA HAY UN CASO nEl Dr Juan Barriga medico de LDUQ confirmo que en club hay una persona con resultado positivo de Covid 19 pero no pertenece ni al cuerpo tecnico ni a la plantilla de jugadores n n LaFrecuenciaDeportiva;0
Internacional Despues de varias semanas fallecio un doctor por Covid 19 en Wuhan China n;0
El COVID 19 no es juego Quedate en casa EvitaElCoronavirus;0
El MunicipioQuito suspendio los Guagua Centros dejo 1200 personas sin trabajo lo que significa 1200 hogares sin ingreso economico en medio de una crisis sanitaria provocada por la pandemia del Covid 19 Cjudicatura LoroHomero SOSGuaguaCentros MoniSandovalRC GissChalaUIO;0
Antes el aforo del transporte publico NO se controlaba y se desbordaba hoy con la NuevaNormalidad dudo se respeten las normas impuestas O sea que el aforo sera as pesar de ser menor igual aglomerado Habra un gran brote de Covid 19 en UIO n Primicias;0
Alto numero de contagios con COVID 19 en la Plaza Santa Elena en Cali llevo a las autoridades a cerrar el lugar por nueve dias n nVia NCValle;0
ACTUALIZACION nEn la provincia de Manabi se registran 2 379 personas contagiadas por coronavirus;0
Ecuador tiene la tasa de mortalidad mas alta de Suramerica por COVID 19;0
Rocio Gamez experta invitada al FacebookLive de este jueves 4 de junio sobre la practica de actividad fisica en tiempos de Covid 19 te cuenta por que debes conectarte Te esperamos;0
Estados Unidos ya no es uno de los paises con mas contagios de Covid 19 Sigan creyendo que no los estan llenando de miedo con esa enfermedad;0
Se puede infectar con SARS CoV2 covid 19 a traves de los alimentos via MinSaludCol n n n n andunal nutricioncelan COLNUD CesarColnud nutriclinicacol NUYA Nutricion;0
La VERDAD detras del Asesinato de GeorgeFloy Lo cierto es que nadie esta hablando ya de OBAMAGATE que prometia convertirse en un gran escandalo nAhora el gran montaje es Actor Benjamin Ray Bailey uniformes falsos ambulancia sin personal medico coronavirus Covid 19;0
Las cifras de Contagio y Muertes por Covid 19 son desalentadores confio que no se les de por Armar protestas me medio de esta PANDEMIA con mas de 30mil contagios y cerca de Mil Muertes por Coronavirus nSeamos Responsables con la Vida de los Ciudadanos n CDJuven n IvanDuque;0
Ecuador saludmental Los cambios sociales en tiempo de COVID 19 Volver con nuevas cicatrices en el alma comprender a quienes vuelven con codicia y furia es el nuevo paradigma;0
ACTUALIZACION nEn la provincia de Manabi se registran 2 379 personas contagiadas por coronavirus;0
Duran Segun el ultimo informe del Gobierno Nacional la ciudad registra 695 casos de COVID 19;0
Covid 19 provoco el cierre definitivo de 80 000 negocios formales en Colombia dice Fenalco elPaiscali;0
De nuevo con la pseudociencia ahora es la ivermectina que ya se esta promocionando en Ecuador se basa en los resultados de un preprint con datos de procedencia dudosa y analisis estadisticos mal hechos AlertaPseudociencia CientificasEC n n;0
Presidencia Ec Lenin WilsonCanizares PedroPabloDuart ComunicacionEc caanmichelena juanseroldan INFORMATE n ELCORONAVIRUSESLETAL n n DONDE TE PEGUE EL COVID 19 FREGADO PANA;0
Segun el informe de la Coordinacion de Salud en la Zona 6 existen 1 375 casos positivos de COVID 19 Azuay tiene 900 contagios Can ar 344 y Morona Santiago 131 Noticias NoticiasUnsion coronavirusecuador Ecuador UnidosPodemos Azuay Cuenca saludcz6oficial;0
Un caso de covid 19 en Liga de Quito GSports;0
DR JUAN BARRIGA CONFIRMO UN CASO POSITIVO DE COVID 19 EN LDU Q n n RevistaWinner n RevistaWinnerEc n n;0
ACTUALIZACION En ultimas 24 horas se informa sobre 110 personas fallecidas n n 3 438 con confirmacion de Covid 19 44 nuevos n n 2 201 de quienes se sospecha sea el coronavirus 66 nuevos n nTasa de mortalidad x cada 100k hab 19 6 es calculada solo sobre casos confirmados;0
DR JUAN BARRIGA CONFIRMO UN CASO POSITIVO DE COVID 19 EN LDU Q n n RevistaWinner n RevistaWinnerEc n n;0
ACTUALIZACION n Ecuador registra 40 414 casos positivos y 3 438 fallecidos por COVID 19;0
Vuelve y juega ClaudiaLopez la incoherente alcaldesa del partido comunista Alianza Verde con los habitantes de la Capital quien por la noche suen a con ilegales y absurdas medidas contra el Covid 19 lo convierte en Decreto y le toca otra vez revesarse Y la ciudad de mal en peor;0
Ecuador registra 40 414 casos de covid 19 a nivel nacional es decir 420 nuevos contagios en las ultimas 24 horas n nAqui el informe n n103 7 FM;0
Galeria Santa Elena que genera ingresos por 150 mil millones mensuales cerrara por Covid 19 elPaiscali;0
Segun el informe de la situacion nacional por el COVID 19 existen 40 414 casos positivos 3 438 personas han fallecido por la enfermedad y por sospecha 2 201 Noticias NoticiasUnsion coronavirusecuador Ecuador UnidosPodemos Salud Ec Riesgos Ec MinGobiernoEc;0
El proximo lunes 8 de junio el Frente Unitario de Trabajadores retoma las manifestaciones en contra de leyes acuerdos y decretos emitidos por el gobierno nacional como parte de las acciones economicas por la pandemia del COVID 19;0
teleamazonasec Que fue que no investigan al gobierno de los contratos con sobreprecio para la emergencia Covid 19 lo de los alcaldes y prefectos es pelo de cochino comparado con los robos en hospitales publicos del gobierno;0
Asma y COVID 19;0
No solo los cristianos son perseguidos en Pakistan sino que la comunidad carece de medios para subsistir Los fieles no pueden apoyar plenamente a sus sacerdotes y la situacion es peor desde el brote de COVID 19 ACN esta apoyando a los religiosos que trabajan en Lahore;0
Santander Lo preocupante es que no se como me pude contagiar yo salia a ganarme el pan como ustedes todos los dias con tapabocas Esto lo que explica es que el virus ya esta sen alo el joven con Covid 19 en Barbosa Santander n gt;0
ATENCION n n Luego de dar positivo por COVID 19 JuanCazares es sancionado por la Fiscalia de Brasil por polemico asunto;0
Cuestionable La publicacion de Facebook detalla que el hallazgo supuestamente surgio despues de analizar los ojos de diez personas que fallecieron por coronavirus pero la afirmacion sobre el origen de las muestras es erronea NoComaCuento n;0
finanzaspersonales dinero Ecuador Lecciones que deja crisis por COVID 19;0
El jugador ecuatoriano del Atletico Mineiro que dio positivo por Covid 19 fue denunciado por organizar reiteradas fiestas en su casa n;0
Juan Barriga jefe del departamento medico de Liga de Quito confirmo la existencia de un caso positivo por covid 19 tras las pruebas realizadas el 1 de junio del 2020 en el estadio Rodrigo Paz Delgado n n;0
Chimborazo Infografia emergencia sanitaria por COVID 19 en la provincia con corte 12 20 del martes 02 de junio de 2020 n nDatos proporcionados por los Distritos de Salud y del Sistema Nacional VIEPI n n NosCuidamosTodos;0
gorka orive pitiklinov Le agradezco por compartirnos esta informacion y por lo que leo en ella en Guayaquil es inevitable una segunda ola de contagios con COVID 19;0
EcuatorianosEx nJuan Cazares multado con 25 000 por organizar una fiesta en su domicilio durante el periodo de cuarentena n nSegun la prensa brasilen a serian 3 fiestas las que organizo Cazares dio positivo de Covid 19 dias despues de la fiesta;0
Espera sancion Juan Cazares quien recientemente dio positivo por covid 19 en el Atletico Mineiro habria organizado al menos 3 fiestas en su casa el ultimo mes pasando por alto la prohibicion del estado de evitar las aglomeraciones;0
El medico cuya piel se oscurecio tras contraer COVID 19 murio en China gt;0
El futbolista ecuatoriano tendra que superar el virus y pagar una fuerte multa Detalles de la celebracion que violo la cuarentena y donde se contagio Cazares con Covid 19;0
ANALISIS El covid 19 golpeo a una justicia debilitada Compartimos la columna de nuestro editor de Seguridad Geovanny Tipanluisa;0
La radiacion solar ultravioleta UV y la densidad de poblacion afectan a los contagios de la COVID 19 segun un estudio del Hospital Clinic IDIBAPS en Barcelona n;0
Atencion Informe oficial de casos de Covid 19 en el pais n n 4000 pacientes recuperados n 4620 alta hospitalaria n 11399 alta epidemiologica n 52937 casos descartados n 40414 casos confirmados n 3438 fallecidas;0
COVID 19 ECUADOR Ascienden a 40 414 los contagiados y 5 639 fallecidos entre confirmados y probables n n 4 000 pacientes recuperados n 524 hospitalizados estables n 252 hospitalizados con pronostico reservado n n SucreEnLaNoticia;0
fcarrilloflorez PGN COL Sen or Procurador esto sucede en AlcaldiaBGA donde hacen caso omiso a los derechos fundamentales Que la excusa de la Covid 19 no nos quite el derecha constitucional hacer control politico y control social JCardenasRey;0
En Ciudadela 450 An os el barrio con mas casos de covid 19 en Valledupar tienen dudas n n;0
Sospechosos de COVID 19 evitan hacerse pruebas diagnosticas en el Valle a traves de rcnradio;0
EN VIVO Hay preocupacion por un posible brote de Covid 19 entre varios trabajadores del Barcelona n ElDiarioDeLaTitular nFacebook nYouTube;0
Mas fallecidos en Italia en medio de su desconfinamiento;0
AlcaldiaDeCali dio inicio al cierre de la galeria de Santa Elena por nueve dias debido al alto numero de contagios de la COVID 19 que llega a los 200 casos;0
WQNoticias Juan Barriga jefe del departamento medico de Liga de Quito confirmo la existencia de un caso positivo por covid 19 tras las pruebas realizadas el 1 de junio del 2020 en el estadio Rodrigo Paz Delgado;0
EN VIVO Hoy se confirmo que 41 personas que acudieron al partido entre Liverpool y el Atletico de Madrid en el marco de la Champions League murieron por Covid 19 ElDiarioDeLaTitular nFacebook nYouTube;0
PRIMER ADELANTO Conoce la situacion real de los cuerpos que no encajan para el Estado colombiano en una crisis social como la que trajo el COVID 19 n nEspera la verdad n n HablemosDeEugenesia;0
Charlie sl73 Si es que se acabaron por obra y gracia de la pandemia las otras patologias Ha nacido el Cartel del COVID 19;0
Atencion Ecuador nEl corte de datos del numero de personas contagiadas con COVID 19 en el pais a la fecha de hoy martes 2 de junio de 2020 es de 40414 casos confirmados y 3438 personas fallecidas;0
ATENCION Ecuador reporta 40 414 casos confirmados de coronavirus y 5 639 muertos entre confirmados y probables de Covid 19 Ecuador coronavirusec n;0
HOY INFORME CASOS COVID 19 n nFecha 02 de Junio 2020 nHora 11h00 am n n 40414 casos confirmados n 52937 casos descartados n 4000 personas recuperadas n 3438 personas fallecidas por COVID 19 n 4620 personas con alta hospitalaria n n LDMnoticias lodelmomentoLojaLDM;0
Situacion Nacional del Covid 19 n 40414 Casos positivos n 52937 Casos descartados n 3438 Personas fallecidas n 4000 Casos recuperados n 4620 Altas hospitalarias n 11399 Altas epidemiologicas n La provincia de Manabi tiene 2379 casos confirmados;0
Liga de Quito confirmo un caso positivo de covid 19 tras las pruebas realizadas en el estadio Rodrigo Paz;0
farb007 Yo creo que es lo segundo ahora absolutamente todo el mundo se muere de Covid 19;0
Lenin Y ahora que quiere que le felicite cuando publique su TW con la noticia Ecuador es el primer pais de Sudamerica en dar de alta al ultimo paciente de Covid 19 solo ahi seria de felicitarles que pesimo presidente solo piensa en la economia y no en la salud de los Ecuatorianos;0
OtraMiradaHoyNacional Gremios y organizaciones de la salud enviaron un documento dirigido al presidente Ivan Duque en el que aseguran que el Gobierno no les ha cumplido los alivios prometidos para hacer frente al Covid 19;0
el eufemismo de la cirugia mayor a la corrupcion no llego ni de lejos a ser una intervencion de primeros auxilios Tanto asi que en plena pandemia del covid 19 se destapo la propagacion del virus de la corrupcion en el sistema de salud;0
MetroNoticias CifrasCoronavirus n Ademas se registran 3 438 fallecidos por COVID 19 y 2 201 fallecidos probables por la enfermedad;0
EcuatorianosEnElExterior JuanCazares que esta aislado tras dar positivo de covid 19 sera multado por organizar fiesta en plena cuarentena en Brasil;0
Funerarias investigadas por presuntos cobros irregulares en servicios a victimas de Covid 19;0
RentaBasicaYa Coronavirus Esta pandemia nos ha convertido en casi esclavas como covid 19 puso en evidencia la situacion de las empleadas domesticas en America Latina y cual es el unico pais que las ayuda n n;0
Bendita Cali Palmira El Dovio Cartago y Buenaventura Mas de 10 nin os han muerto de hambre en el Valle a causa del Covid 19;0
EN RESUMEN Hasta el 2 de junio Ecuador registra 40 414 casos de Covid 19 y 3 438 fallecidos Las cifras oficiales tambien indican que hay 16 181 pacientes en aislamiento domiciliario y 252 personas hospitalizadas con pronostico reservado;0
A un dia de que Quito cambie de color del semaforo la ciudad registra 40 nuevos pacientes con Covid 19 entre el 1 y 2 de junio;0
ENTERATE n n Medico de LDUQ comparte resultados de pruebas de COVID 19 y critica a Emelec por adelantarse en reiniciar practicas ENTREVISTA;0
Los contagios por Covid 19 se dispararan luego de esa semana;0
127 periodistas han fallecido alrededor del mundo a causa del Covid 19 Ecuador registra 12 decesos n n;0
Ecuador registra 3438 muertos por coronavirus y 2201 fallecidos probables por COVID 19 gt;0
HRW Venezuela tiene alto riesgo de propagacion del covid 19 por crisis en hospitales;0
El COVID 19 nos tiene en apuros y las compras en linea demoradas unos de la peores para la entrega son los de Falabella co Decepcion total y varias veces;0
futbolbohemio CSEmelec los gimnasios los chongos tambien tienen derechos Vayan y participen el la liga alemana si tantas ganas tienen de jugar nEn el estadio de BarcelonaSC se propago el Covid 19 y lo exportaron al resto del pais y no APRENDEN nO NO mariapaularomo AlfaroMoreno alcaldiagye;0
No es posible que en tiempos tan dificiles para el mundo y nuestro pais se utilice la pandemia del Covid 19 para hacer negocios turbios y llenarse los bolsillo Esto es inaceptable Y deber ser castigado con todo el peso de la ley CorrupcionPrefectoMorales;0
ATENCION La cifra de fallecidos ya contabiliza 3 438 casos por Covid 19 y 2 201 fallecidos probables a causa de coronavirus;0
Ay Covid 19 como estas alterando la vida de las personas mental y materialmente;0
AlvaroUribeVel Ay virgen santisima si vio q en Brasil por esas ideotas hay 15 jugadores de futbol positivos para covid 19 Pan y circo a costa de la salud y las vidas de otros no;0
Todos los adultos mayores de una residencia en Pillaro dieron positivo para COVID 19 n n;0
Por que no se estan dejando realizar las pruebas de covid 19 en Barranquilla No entiendo me perdi;0
Me llegan noticias de que hay infectados de Covid 19 en la carcel Villahermosa de Cali patio 8 Estara contento el Gobierno con el decreto 546 para una infima minoria de personas privadas de libertad;0
EL PANGOLIN ES EL CULPABLE nCOVID 19 un nuevo estudio apunta al pangolin como el animal que contagio a los humanos Infobae;0
ATENCION Hasta el 2 de junio Ecuador registra 40 414 casos de Covid 19;0
AHORA En BuenosDiasAmerica nos acompan o VictorSeco hidalgo seco Investigador en Biologia Celular y Molecular UIDE para hablar Formas de contagio Covid 19 por 104 5 FM y miranos por OnaJorge RamiroDiaz64 longogalo;0
Quito Salud Ec presenta las cifras del Covid 19 2 de junio 2020 n 118 574 muestras tomadas n 40 414 casos confirmados n 3 438 personas fallecidas 2 201 probables n 4 620 con alta hospitalaria n Guayas 14 128 casos n Pichincha 4 087 n Manabi 2 379;0
Coronavirus Segun la opsoms levantar las restricciones del confinamiento significa un grave riesgo de aumento de contagios de COVID 19 en America Latina;0
PublicaNoticias El sector exportador ecuatoriano registra n13 mil millones de dolares en perdidas por la pandemia del Covid 19 n nEscuchenos en 105 3FM y;0
Los primeros pacientes con alta hospitalaria dejaron el Centro de Atencion Temporal Quito Solidario luego de vencer al COVID 19 Juntos superaremos esta pandemia DisciplinaParaVolver ConMedidasSalvamosVidas;0
CNIGpresente n nEste martes la Secretaria Tecnica del Consejo Nacional para la Igualdad de Genero Nelly Jacome Villalva participo en el webinario Covid 19 en la vida de las mujeres perspectivas y propuestas desde la CIMOEA n nLee la noticia en;0
Me han pedido una semblanza de Correa Tenganla estimados televidentes y n correa RevolucionCiudadana YoMeQuedoEnCasa Covid 19 marcelodotti enfoketv loqueyopienso n via YouTube;0
En Neiva murio un sacerdote de causa diferente a Covid 19 el centro medico estaba empen ado en hacer pasar su muerte por esta causa He escuchado historias similares en otras regiones del pais n n Se volvio negocio el Covid 19 hay alguna remuneracion por esta causa de muerte;0
Los primeros pacientes con alta hospitalaria dejaron el Centro de Atencion Temporal Quito Solidario luego de vencer al COVID 19 Juntos superaremos esta pandemia DisciplinaParaVolver ConMedidasSalvamosVidas;0
ConversatorioUCuenca nPresentaremos los diferentes puntos de vista en relacion a los efectos Covid 19 sobre la privacidad en temas de geolocalizacion nFecha jueves 04 de junio de 11 00 a 12 00 nInscripciones rosario achig ucuenca edu ec;0
Juan Cazares es noticia en Brasil luego de que se revelara que el ecuatoriano organizo una fiesta en su casa antes de conocer el resultado positivo de la prueba de COVID 19 que le realizo Atletico Mineiro La;0
misjuijus LuisFer83857576 GustavoBolivar Melania la Hopkins ya analizo el aumento de muertes a raiz de las manifestaciones Que se contagie un manifestante es lo de menos Que le quite la atencion medica a alguien que le llevaron el Covid 19 a su casa es lo inhumano;0
Registraduria Preocupante q se reactive el servicio algo q no tiene justificacion alguna mi pregunta es quien respondera por los funcionarios y usuarios q lleguen a resultar contagiados de Covid 19 sobre quien recae la responsabilidad;0
Este martes se firmo el pacto de intervencion de la Galeria Santa Elena la cual fue detectada como un foco de contagio de coronavirus Covid 19 en la ciudad de Cali y por esto estara cerrada por 9 dias inicialmente;0
Colo Raue PedritoExtranja Por que No te parece bueno que haya un medicamento que te ayude a palear los fuertes sintomas y a curarte en menos tiempo de la COVID 19;0
Maestros en Colombia suspenderan clases virtuales en medio de crisis por COVID 19;0
CMILANOTICIA Lamentable la inseguridad en este pais nCada dia hay mas delincuencia nAhora les dan casa por carcel para que no les de el covid 19 nPero a estos delincuentes no les importa quitarle la vida a las personas que trabajan para llevar el sustento a sus familias;0
Las areas mas afectadas al interior de las compan ias por el covid 19 n n Un estudio elaborado por PageGroup muestra las preocupaciones de lideres empresariales de Colombia y Latinoamerica por los efectos del coronavirus;0
COVID19 Mas de 127 periodistas fallecieron por el covid 19 en 31 paises en tres meses segun la asociacion independiente de reporteros Press Emblem Campaign PEC con sede en Ginebra n;0
Hace un mes que tomaron muestras de Covid 19 en la carcel de Villavicencio las ultimas que hicieron alla a hoy no han llegado resultados o los estan ocultando No han vuelto a dar reportes de la carcel INPEC Colombia MinSaludCol harmanfelipe VillavoSalud SaludMeta;0
epssura comfenalcovalle CoomevaSaludEPS EPS Famisanar Supersalud que posibilidad hay que si una persona muere de alguna enfermedad las EPS no cremen la persona y luego le digan al familiar que murio de covid 19;0
Datos de la Unesco indican que aun el 70 de los estudiantes nivel internacional siguen afectados por el cierre de las instituciones debido a la covid 19;0
Ministro de Salud dice que Quito vive pico de atenciones por covid 19 no de contagios El Comercio Ecuador Hablemosdealgo;0
QuedateEnCasa El alto indice de contagiados de COVID 19 en Cali no es el unico problema que aqueja a la ciudad El denominado Rebrote de la violencia tiene en ascuas a las autoridades n;0
El canton Pastaza esta en semaforo amarillo y probablemente en un mes en verde y las nacionalidades indigenas siguen en rojo en el completo abandono Covid 19;0
QuedateEnCasa La radiacion solar ultravioleta UV y la densidad de poblacion afectan a los contagios de la COVID 19 segun un estudio del Hospital Clinic IDIBAPS en Barcelona n;0
NoticiasUno NoticiasRCN Noticiascaracol n BluradioCo Sen ores Periodistas de los muertos reportados por Covid 19 cuales son verdaderas Por favor investiguen a las EPS que esta pasando realmente porque hoy en dia todos los que mueren son por Covid 19 Algo huele mal;0
ATENCION Covid 19 podria propagarse aun mas en EEUU por protestas en Minneapolis n 2Jun FelizMartes Covid19 Minneapolis EEUU GeorgeFloyd;0
Extendamos la mano para ayudar no para quitar Covid 19 Caridad Amor;0
Medico de Wuhan primer fallecido por Covid 19 en China tras varias semanas;0
QuedateEnCasa Asi esta el Panorama Nacional del Covid 19 en el pais de acuerdo al ultimo informe entregado por MinSaludCol;0
Regiones De los cinco integrantes de una familia en Malambo cuatro fallecieron La madre es la unica que vive pero esta en cuidados intensivos por Covid 19 n;0
ClaudiaLopez HOLLMANMORRIS INMIGRACIONCOL venezolanos deben salir de Colombia facilitar transporte estan pagando pasaje no pueden retener violan derechos de extranjeros Que salgan sin retorno No hay mas cabida por COVID 19 Venezuela pais de origen;0
Se supone que ni los directivos de La Liga se enteraron de los positivos al interior de la escuadra cule;0
Covid19DH Prohibicion de reuniones de mas de ocho personas en Hong Kong Mas en;0
PRUDENCIA VIAJEROS PARA TOMARLO MUY EN CUENTA COVID 19 lista de los aeropuertos con mas riesgo de contagio en el Mundo;0
Fallecio el medico de Wuhan contagiado de covid 19 cuya piel se oscurecio n n;0
Alcalde de Barranquilla Jaime Pumarejo manifiesta que tiene identificados a los lideres de Siape barrio donde se negaron a realizarse los examenes del Covid 19;0
Lenin Por favor en el pais las personas aumentan contaminados y mueren por cantidades industriales por covid 19 y uds salen con estas noticias la unica explicacion es q lo hacen para q fugen las ratas escondidas de su gobierno porq el barco se les hunde;0
Cierran CamaraColombia rama judicial a media marcha asesinatos de lideres sociales todos los dias Pte IvanDuque encarretado con su labor de gerente del Covid 19 y presentador de noticias y gabinete hacen ofertas como directores Ong y entre tanto el pais se derrumba;0
A Guayaquil la estan salvando los empresarios entre ellos Baqueiba LassoGuillermo Maria Gloria Alarcon Banco de Alimentos Pero Uds no estan preparados para aceptar eso nUn ejemplo para imitar Guayaquil vencio el COVID 19;0
Asesinato de lideres sociales deforestacion destruccion de ecosistemas y en general los delitos contra TODAS las formas de vida continuan en medio del Covid 19 n nCon su firma apoye UnLlamadoPorLaVida y pidamos al Gobierno y autoridades ACCIONES YA n;0
jamacano75 Esto como consecuencia del efecto temporal que genera en la economia mundial la incertidumbre por el virus Covid 19 o comunmente llamado Coronavirus PorvenirTeResponde;0
El COVID 19 avanza en America entre la alarmante alza de casos y la rin a EE UU China;0
Jair Bolsonaro ante nuevo record de muertes por Covid 19 en Brasil Es el destino de todo el mundo;0
YoSoySora NoticiasCaracol Se reinvento Es efecto COVID 19;0
JaimeChincha Minsa Peru Estimado Jaime el distrito de Castilla Piura uno de los mas afectados a nivel nacional por el Covid 19 lleva poco menos de 48 horas sin agua potable porque EPS GRAU corto el servicio sin avisarnos previamente Ayudanos por favor denunciando este atropello contra la salud;0
Ahora ademas de cuidarme de tocar superficies y gente para evitar el Covid 19 debo evitar estar cerca de gente frotando sus guantes de latex tocando por todos lados malditos les da por tocarse hasta el culo cuando se ponen guantes de latex;0
En el allanamiento al domicilio del expresidebte Bucaram se encontraron cajas con insumos medicos alrededor de 5 000 mascarillas y 2 000 tests de pruebas rapidas para Covid 19 y una pistola con varias cajas de municiones cuya tenencia legal no pudo justificar SomosTuVozTv;0
HNO3666 eluniversocom Y las pruebas del covid 19 mascarillas y otros insumos medicos q dijo la FiscaliaEcuador DianaSalazarM2 que son igual a las q estaban en las bodegas del Hospital Teodoro Maldonado Carbo como hablamos;0
Bill Gates teme que desinformacion disuada a las personas de vacunarse contra la COVID 19;0
Los adoctrinadores de Fecode no se conforman con contagiar a los jovenes con su odio ahora tambien pretenden extender el contagio del Covid 19;0
Iran reporta 3 574 nuevos casos diarios de covid 19;0
Por emergencia del covid 19 semana laboral podra ser de cuatro dias n nA traves del decreto 770 de 2020 el Gobierno establecio una serie de medidas en materia laboral Aqui le contamos;0
ActualidadDH Fallecidos en Colombia por COVID 19 suman 1 045 Mas en;0
1 1 LaVerdad Alegacion el sistema politico chino es la raiz del problema n n Realidad Verificada el virus no distingue ideologia o sistema social El PCCh y el gobierno chino han jugado un papel decisivo al liderar al pueblo chino en la exitosa lucha contra Covid 19;0
PizarroMariaJo ColombiaHumana MovimientoMAIS Da ganas de ponerse a llorar que porque la nin eria y rebeldia sin causa de algunos representantes gente humilde que tuvieron que ir al congreso por su capricho hayan terminado contagiados;0
Mi presidente eterno tiene mas investigaciones que la vacuna del Covid 19;0
Mientras Cuba ha enviado medicos a 22 paises de Nuestra America para combatir la Covid 19 el gobierno de realDonaldTrump envia militares a Colombia y moviliza al ejercito para reprimir a su propio pueblo;0
Ministerio de Sanidad confirmo las cifras de las ultimas 24 horas Fallecidos ascienden a 27 133;0
ACTUALIDAD Estas son las compan ias y personas que habrian participado en el supuesto cometimiento del delito de peculado durante la emergencia sanitaria por COVID 19;0
El COVID 19 necesita medidas de bioseguridad para evitarse su contagio El MEN en cabeza de la ministra delego toda la responsabilidad a las secretarias de educacion que estan quebradas Una sentencias de muerte para docentes y padres de la 3 edad DuqueEscucheALosMaestros;0
AlertaArcsa Compan ia israeli MIGAL RESEARCH INSTITUTE alerta sobre la circulacion de una vacuna fraudulenta para prevenir el Covid 19 que utiliza su nombre y logotipo en Sudamerica n nConozca mas aqui;0
George Floyd dio positivo para COVID 19 semanas antes de morir revelo autopsia;0
MELENDEZ VS OCHOA nAmbos piden comisiones investigadoras nosotros decimos que esta bien pero seria mejor y de justicia que se investigue desde que entro el primer sol de canon petrolero a Loreto nMira el video completo Aqui n n COVID 19 n ViveIquitos;0
Luego de que se declarara la cuarentena total en la Camara de Representantes se confirmaron dos nuevos casos positivos de coronavirus SemanaNoticias n nAmpliacion;0
Preocupante cifra entrega el INSColombia para Cali Por primera vez desde que se inicio el contagio de COVID 19 alcanzamos un reporte de 8 muertos dia nEs necesario que tomemos conciencia y sobre todo precauciones La autoproteccion nuestra y de nuestros seres queridos es vital;0
Que man ana amanezcamos con mas posibilidades de la vacuna para el COVID 19 y no con un caso de corrupcion mas;0
ATENCION Autopsia revela que GeorgeFloyd dio positivo para COVID19 semanas antes de morir;0
cuales son las fuentes de financiacion y como ha sido la desercion de estudiantes generadas por el Covid 19;0
Cuando parecia que el mundo quedaba pequen o y desaparecian las fronteras aparece el terror nEl Covid 19 pone a la globalizacion contra la pared nArticulo recomendado n via primicias;0
37 agentes de transito de Cali en aislamiento por caso positivo de Covid 19 en esa institucion n;0
Que pasa con el gobierno desesperado grito de enfermera en Quibdo ante falta de insumos para el COVID 19;0
A despertarse Abdala El expresidente ha sido detenido tras encontraste en su poder un arma de fuego Entre otras evidencias en su casa se encontro decenas de cajas de mascarillas y pruebas rapidas para Covid 19;0
Coronavirus Las ciudades con mayores indices de contaminacion han presentado mas casos de COVID 19;0
El grito de auxilio de los indigenas del Amazonas para detener la mineria y el COVID 19;0
Nacionales El Distrito Metropolitano de Quito registra 3 842 casos de Covid 19 y hasta el momento 305 fallecidos La parroquia donde mas casos se registran es Chillogallo con 282 despues le sigue Guamani con 255 y BelisarioQuevedo con 253;0
Inmigrantes agricultores trabajan cada dia con el temor de infectarse y llevar el virus del COVID 19 a casa nleer mas en;0
la cual se agrava en el marco del aislamiento por Covid 19 nLa administracion presenta lineas y rutas de atencion es necesario revisar en que estamos fallando buscar mayor articulacion con las autoridades para prevenir hechos lamentables Indico ALEXAHERNANDEZC;0
la cual se agrava en el marco del aislamiento por Covid 19 nLa administracion presenta lineas y rutas de atencion es necesario revisar en que estamos fallando buscar mayor articulacion con las autoridades para prevenir hechos lamentables Indico ALEXAHERNANDEZC;0
Denuncian demora para levantar cuerpos de personas con sospecha de COVID 19 que murieron en casas de Cartagena;0
Bill Gates teme que la desinformacion disuada de vacunarse contra el COVID 19;0
LDU reporta un caso de Covid 19 nJuan Barriga medico albo confirmo la noticia sin embargo aseguro que no se trata de los jugadores ni del cuerpo tecnico No se revelo el nombre del contagiado n QuedateEnCasa;0
Se confirma que militares introdujeron COVID 19 al Guaviare contagiando ademas a comunidades indigenas lamentable que el Mindefensa no proteja la salud de las comunidades que han hecho grandes esfuerzos durante la cuarentena;0
ATENCION nComunidades campesinas del Catatumbo denuncian que miembros de FFMM no cumplen ninguna medida de bioseguridad poniendo en potencial riesgo de contagio por COVID 19 a la poblacion de esta vulnerable region;0
Alertan por acumulacion de muertos por COVID 19 en Cartagena;0
Internacionales Las comunidades indigenas de Bolivia especialmente las que estan cercanas a las regiones de Santa Cruz y Beni son las mas golpeadas por el Covid 19 en estas ya se han reportado muertos y el ascenso potencial de contagios;0
Ecuador nLos ciudadanos fueron detenidos en su vivienda en la provincia de SantaElena donde se encontraron otros 200 000 y tres autos de lujo Uno de ellos tiene orden de detencion en EstadosUnidos nMas detalles n n EmergenciaSanitaria Covid 19;0
ATENCION El gerente de la Empresa Publica Metropolitana de Agua Potable y Saneamiento de Quito Guido A tiene orden de prision preventiva por el presunto delito de peculado en la compra de insumos para enfrentar al Covid 19 n;0
Tbt Nos recuerda la precaria situacion de AlcaldiaPviejo durante decadas LA COVID 19 nos muestra que la situacion es igual o peor ernestosamperp MinSaludCol IvanDuque zabaraing leydelmontes vannyjohann lalupacienaga MagdalenaGober fuego1019fm jorgecura1070;0
Ayudanos a ayudar 24 Abuelitos nos necesitan Fundacion Hogar de Abuelitos Fe y Luz Carrera 25A 1b 13 barrio santa Isabel 5603488 3015002833 Bogota solidaridad colombia compartir abuelitos emergencia coronavirus empresas covid 19 sos compasion amor paz ayuda;0
El filantropo estadounidense y cofundador de Microsoft Bill Gates expreso este jueves su preocupacion por que la desinformacion que circula en internet sobre una eventual vacuna contra la COVID 19 disuada en el futuro a la gente de inmunizarse;0
FelipeArias71 Educacionbogota Mineducacion Es un atropello por parte de un colegio cobrar clausula de permanencia y mas en emergencia de Covid 19 lospinoscolegio;0
NoticiaCali 37 agentes de Movilidad Cali se encuentran aislados dado que uno de ellos resulto contagiado por COVID 19 ejerciendo sus labores diarias n nEl secretario de Movilidad William Vallejo se refiere al caso;0
Hechos El sindicato de educadores de Santander informo que no cuentan con garantias ni protocolos para poder tener estudiantes en las aulas n n Solicitan disposicion de pruebas Covid 19 para el estudiantado docentes y resto de personal que se reintegrara alrededor de ellos;0
La pandemia por Covid 19 es el espejo de un modelo que hace agua n nPatricia Rendon y Belen Pardo hacen una lectura critica de medidas decisiones y situaciones relacionadas bajo la premisa de que el problema no es el virus sino el sistema n n;0
NoMasImpunidad PaolaPabonC la prefecta de Pichincha Paola Pabon compra 10 000 pruebas rapidas para COVID 19 para la Prefectura de Pichincha y es investigada por peculado TvSatelitalFHD andrespaezec StudioFutbol JohnTown lahoraecuador;0
George Floyd el ciudadano afroamericano que murio asfixiado por un policia en Mineapolis EE UU dio positivo por COVID 19 casi dos meses antes de su deceso;0
Leer estos testimonios es estremecedor con el tiempo nos hemos dado cuenta a lo que realmente nos enfrentamos COVID 19;0
Que tal la bellezas de fecode Quejandose dizque por la sobrecarga laboral cuando los vagos todo el an o escolar andan promoviendo paros para no trabajar El colmo FecodeIrresponsable por promover protestas en medio de la pandemia del Covid 19;0
COVID19 un gran riesgo para comunidades indigenas de la Amazonia de Bolivia;0
La academia debe criticar toda nuestras de fraude academico n nLa barra libre en revistas es un problema para la ciencia n Existe pugna en la industria n Cuidado que el Big Pharma no tiene limites n nAnte las dudas investigacion n rhidalgott camilo felix n n;0
Es que hay que tener en cuenta que NO hay vacuna ni tratamiento esto del covid 19 es bastante complicado;0
El covid 19 pasa factura a la economia ecuatoriana decrecera entre 7 3 y 9 6 en 2020;0
saludhernandezm Hablando la mama de COVID 19 verguenza que esta vieja malparida viva en Colombia;0
NoticiasCaracol Para eso necesitamos un covid pero no 19 sino recargado para acabar con media poblacion mundial;0
Medico de Liga confirmo un caso positivo de Covid 19 en los albos;0
Ministro de Salud denuncia manejo irregular en algunas UIC en medio de la pandemia por el coronavirus;0
Para algunas personas les es facil pensar que Covid 19 es una farsa una conspiracion o cualquier otra cosa nPareciera que el tener cerca de 400 000 muertes no es relevante n nMIREN MEXICO BRASIL o USA n nEn una semana se disparan los Contagios en USA por las Protestas;0
Coronavirus La situacion de la pandemia en Brasil es critica y Jair Bolsonaro sigue restandole importancia al COVID 19;0
Trabajadores se toman a esta hora Corabastos protestan por el cierre de bodegas que ordeno la Alcaldia de Bogota por la emergencia de COVID 19 gt gt;0
ante el desabastecimiento de medicina antirretroviral y la falta de atencion en el sistema de salud publica antes y durante la pandemia de Covid 19;0
pvirtualcom Situacion del Covid 19 en Popayan por comunas El norte preocupa;0
Ecuador nEn el domicilio de abdalabucaram se encontraron mas de 7 000 insumos medicos que coinciden con los investigados por peculado en el Hospital Teodoro Maldonado Carbo nMas detalles n n Corrupcion EmergenciaSanitaria Salud Covid 19 Coronavirus;0
5 707 defunciones y 40 966 casos confirmados de COVID19;0
La FiscaliaEcuador con DianaSalazarM2 a la cabeza es la peor verguenza del pais nMascarillas 5000 10000 nPruebas Covid 2000 20000 total 30000 estan locos por ganar aceptacion para Lenin que sacan cualquier Show estupido n Covid 19 3Junio n ElPeorGobiernoDeLaHistoria;0
El pueblo indigena Salasaka Provincia de Tungurahua reporta aumentos de contagios y muertes por COVID 19 Desde el 3 de junio 2020 se encuentran en toque de queda El Estado no ha tomado acciones para solucionar esta problematica n n;0
En Neiva murio un sacerdote de causa diferente a Covid 19 el centro medico estaba empen ado en hacer pasar su muerte por esta causa He escuchado historias similares en otras regiones del pais n n Se volvio negocio el Covid 19 hay alguna remuneracion por esta causa de muerte;0
Dicen que los congresistas no sesionaran presencialmente por temor al contagio del Covid 19 pero si estan impregnados de uribismo que es la peor pandemia de Colombia;0
La corrupcion esta presente todo el tiempo en el pais No dejemos que la emergencia por el Covid 19 nos distraiga PandemiaSinDistraccion;0
Sabiamos que el Covid 19 generaba dificultades respiratorias pero no sabiamos que el virus era la policia;0
LoUltimo Ponen en cuarentena el salon eliptico del Congreso tras confirmarse el primer congresista contagiado con coronavirus Durante 15 no se realizaran plenarias solo se desarrollaran comisiones virtuales;0
Segun una investigacion del gobierno surcoreano el farmaco es clinicamente significativo para reducir el tiempo de recuperacion de los pacientes contagiados;0
Rechazada una cuarta querella contra Fernando Simon por su gestion del COVID 19 a traves de laSextaTV Los papanatas de Vox;0
Mientras se va cambiando de semaforo a en varios cantones de aun no contamos con cifras oficiales reales sobre cuantos casos Covid 19 hay Cuantas disponibles en terapia intensiva tenemos Cuantos han fallecido x complicaciones relativas a Solo nos queda protegernos;0
vanguardiacom Volvemos a nadar Ahh que bien y que siga el Covid 19;0
URGENTE Pichincha es la provincia donde mas casos y muertes por Covid 19 se confirmaron en la ultima semana 540 casos y 60 fallecidos Con estas cifras se inicia hoy el SemaforoAmarilloEnQuito n eluniversocom n nLos datos de todas las provincias aqui n;0
Los paises de America registraron mas de la mitad de los nuevos casos de Covid 19 del mundo en la ultima semana;0
DEPORTES Entre las locuras de Juan Cazares del Atletico Mineiro esta irse de fiesta y contagiarse del covid 19;0
La secretaria de Salud de Palmira confirma el quinto fallecido por COVID 19 en nuestra ciudad;0
ONU la vacuna contra el Covid 19 debe ser considerada BIEN PUBLICO mundial n nA las farmaceuticas y los libertarios no les gusta esto n n Trump rompera tambien con la ONU por comunista;0
Ya hoy lo dijo el Ministro de Salud Suenan muchas piedras en el rio Veo venir el Cartel del COVID 19 Ay Colombia;0
MinutoaMinuto de CafeLaPosta junto a lorohomero n n Si se llama a un laboratorio en Quito una prueba PCR de Covid 19 cuesta unos 160 nosotros compramos las pruebas a 25 si dicen que hay sobreprecio pues que se investigue;0
Jorge Wated sobre prestamos hipotecarios No queremos llenarnos de casas;0
La rebelion de los adultos mayores colombianos contra el encierro por covid 19;0
FNAraujoR Por ser el Covid 19 un caso de Salud Publica le corresponde a MinSaludCol asumir directamente la Gerencia del Sistema de Vigilancia en Salud Publica de esta Cartagena conforme al Art 215 de la CP porque esta claro que al alcalde daulaw se les salio el asunto de las manos;0
WQNoticias Iran registro 3 574 casos de contagio de covid 19 en las ultimas 24 horas un record de casos confirmados diarios declaro el jueves el portavoz del ministerio de Salud irani Kianoush Jahanpour n;0
ATENCION nDenuncian demoras al recogimiento de posibles fallecidos a causa del covid 19 en cartagena;0
El manejo de la informacion del COVID 19 en el Ecuador deja mucho q desear nNo liberar los datos bajo la excusa de q tienen informacion identificable nBasta con eliminar la IPS de la BD publica y an adir una clave unica para luego hacer cruces entre la BD publica y la original;0
La cuarentena desatada en todo el mundo por la COVID19 le ha permitido demostrar a la ganaderia que no es la actividad que mas contamina en el mundo y por el contrario las emisiones siguen bajando ContGanadero n nAqui le explicamos por que n;0
ALERTA Nueva via petrolera abierta en Parque Nacional Yasuni durante la pandemia arriesga a pueblos en aislamiento voluntario y en reciente contacto n nEsta nueva carretera ha provocado 2 2 km de penetracion en la selva amazonica n nTexto completo;0
En abril el desempleo en el mundo aumento vertiginosamente por el confinamiento consecuente de la pandemia de la covid 19 El mundo se enfrenta a la peor crisis economica desde la Segunda Guerra Mundial;0
COVID 19 avanza en America entre alarmante alza de casos y conflictos entre EE UU y China nINFORME n;0
Policias de Quininde exhortan sobre el COVID19 bailando con un ataud al estilo africano;0
A traves de un boletin epidemiologico emitido por el DADIS el barrio Olaya Herrera actualmente es el que reporta mas casos de COVID 19 con un total de 325 Le sigue El Pozon quien siempre se ha mantenido como uno de los lugares con mas contagiados de la ciudad;0
Ya podemos salir libremente n Por que Quien dijo n El covid 19 se suicido n Como De que hablas n En las noticias dijeron que n SE DISPARO n;0
Actualidad Radiografia del reclutamiento de menores en medio del COVID 19 en Colombia gt gt;0
GeorgeFloyd tuvo coronavirus semanas antes de morir Mira todo lo que revelo la autopsia;0
Quito I Cinco parroquias registran mas de 200 casos de coronavirus Aqui el listado;0
URGENTE Confirman dos nuevos casos de COVID 19 en la Camara de Representantes CamaraColombia;0
JAJAJAJAJAJAJAJJAA 30 MILLONES DE PESOS POR DIAGNOSTICAR COVID 19 JAJAJAJAJAJAJA nEl estado se va a quebrar Multiplicar eso por 39 mil casos da casi 1 2 billones de pesos a los que hay que sumar el tratamiento de los pacientes nJAJAJAJAJAJAJA LA GENTE SI SE INVENTA MARICADAS;0
Cronica del miedo y la incertidumbre Mas alla del Covid 19 via PortalOtraVoz por nicolayduque;0
ATENCION COVID19 en Ecuador esta bajo control pero no hay que bajar la guardia Revise cuales son las cifras actuales;0
declararon semaforo amarillo Daule es uno de los cantones que vive un repunte de casos positivos por COVID 19 n Ahora ciudades como Quito estan en semaforo amarillo y circula gente por todos lados como si todo hubiera regresado a la normalidad;0
Documento Aspectos clave para la prevencion del VIH e ITS en la desescalada del confinamiento por COVID 19 Espan a indica entre otros aspectos n las relaciones nsexuales puede ser de riesgo ntanto para el SARS CoV 2 n;0
Hay decenas de charlatanes regalando Aspirina Azitromicina Hidroxicloroquina y soluciones de dioxido de cloro para que la gente se cure de la COVID 19 n Los cantones no cumplian con los lineamientos de la OMS para relajar la cuarentena y aun asi;0
WaoResistencia exigen al Gobierno Nacional su proteccion ante la COVID 19 y sen alan que hace 1 an o luchamos por proteger la selva nuestro hogar y el pulmon de TODO el mundo existimos y el Estado debe protegernos ResistenciaWaorani nMas noticias;0
Con 410 719 muestras COVID 19 procesadas 8 440 Xmillon y un subregistro de varios dias en los primeros 7 dias de junio en Colombia han crecido los contagios 28 67 y las muertes han aumentado 29 92;0
Entre el 1 y el 31 de mayo 2020 los casos positivos COVID 19 en Colombia crecieron 319 39 y las muertes crecieron 199 n nEntonces IvanDuque MinSaludCol NO han aplanado la curva y su reactivacion NO es inteligente;0
Acabo de leer recien 2 tuits indicando de 3 personas que han fallecido hoy por el Covid 19 quien miente;0
Indigenas le exigen al gobierno proteccion efectiva contra COVID 19 enemigo que los puede extinguir;0
Es mas contagioso el egoismo que el propio Covid 19 y para eso creanme que no hay vacuna;0
LoUltimo De acuerdo con la Secretaria Distrital de Salud SectorSalud el General Sandua fallecio este sabado por Covid 19 En kienyke recordamos al caldense que recorrio las calles bogotanas con su particular vestimenta y oratoria historica;0
Una amarga sorpresa para algunos y un indicio de sospecha para otros fue la noticia del pasado 1 de junio La misma institucion confirmo un nuevo brote del virus al interior de la carcel al reportar cuatro nuevos en este caso transportado por un recluso;0
Preocupante Muy preocupante hilo estadistico sobre la situacion del Covid 19 en el Ecuador nPero aqui organizan saludos cumplean eros en oficinas publicas o van al parque a hacer deporte como si nada nLean por favor;0
fecode El Covid 19 estara en el planeta por 2 o 3 an os hay que aprender a vivir con eso pero esconderse no trae resultados si no hay acciones medio ambientales en muchos paises no hubo confinamiento y su control fue mas efectivo;0
lahistoriaec ucsg tv Cinica Sinverguenza monserratcream1 con los chicos en clases virtuales presionando a Vinicio Baquero q firme contrato x 10 millones para desayuno escolar Educacion Ec n nEn Quito exigio a maestros ir a repartir kits exponiendolos al Covid 19 ademas eres una criminal CREAMER;0
LoUltimo De acuerdo con la Secretaria Distrital de Salud SectorSalud el General Sandua fallecio este sabado por Covid 19 En kienyke recordamos al caldense que recorrio las calles bogotanas con su particular vestimenta y oratoria historica;0
PORTOVIEJO Operativo de control de ventas de insumos medicos y pruebas rapidas para Covid 19 como resultado se decomiso 600 mascarillas tipo N 95 y 100 pruebas rapidas del covid19 en distribuidora que no contaba con los permisos lumicha16 C N ARCSA CZ4 PoliciaEcuador;0
Juan Cazares dio positivo para Covid 19 n nMira la Info QuedateEnCasa AtleticoMineiro Brasil;0
COMUNICADO n n CONMEBOL ha determinado que el proceso de licencia de clubes en el futbol femenino para la participacion de la Copa Libertadores Femenina 2020 se encuentra suspendido debido a los impactos por la pandemia del Covid 19 n n PateamosFuerte;0
A continuacion grafica de casos diarios diagnosticados con covid 19 vs muertes diarias a causa del covid 19 en Colombia n;0
fecode Fecode dejen de darse la importancia que ya no tienen Colombia sera el pais con la cuarentena mas larga ademas oigan los adelantos cientificos una cuarentena como la de Colombia no era necesaria el COVID 19 se podia controlar de otras formas;0
EmergenciasEc 10 enfermos de Covid 19 entre mis conocidos 6 de ellos ya lo tuvieron y han recaido;0
Colombia CoronavirusEnColombia Bogota Atlantico y el Valle del Cauca son las zonas con mas casos a nivel nacional;0
Radiografia de tres brotes coVID 19 asi se contagiaron y asi podemos evitarlo nUna oficina un restaurante y un autobus Tres contagios multiples estudiados minuciosamente por las autoridades sanitarias ofrecen valiosas lecciones para la desescalada n;0
CoberturaCorona Cuando llegaron los conquistadores murieron millones de indigenas por enfermedades Hoy en dia los paralelos con el pasado son preocupantes n n ResistenciaWaorani n nEnterate de toda la investigacion aqui n n n nFoto WaoResistencia;0
Covid 19 En el Ecuador hasta la man ana del 7 de junio se registran n n 11 954 personas con alta epidemiologica n 4 250 personas recuperadas n 4 977 casos con alta hospitalaria n 43 120 casos confirmados n 57 828 casos descartados n 3 621 fallecidos confirmados con COVID 19;0
Un reo que fue trasladado por neumonia a un hospital desde la carcel El Turi en la andina Cuenca dio positivo por covid 19 y tras recibir atencion medica adecuada en cuidados intensivos sin embargo este 6 de junio los galenos confirmaron su deceso;0
Y a todas estas donde anda el super gerente del covid 19 el dr Plata nNo creo que camelle detras de bambalinas;0
No solo los departamentos apartados funcionaban pesimo Caldas Santander y Magdalena no tenian capacidad para caminar solos y debieron acordar con sus universidades acuerdos para trabajar la covid 19 saludhernandezm OpinionSemana;0
Departamentos que al inicio de esta emergencia ocupaban primeros lugares en ranking de Covid 19 como Magdalena y C marca han reducido esos indicadores lo cual hay que destacar n nAterrador lo que ocurre en el ValleDelCauca solo en Cali hoy se registraron 10 fallecimientos;0
5 implicaciones de ciberseguridad del COVID 19 a largo plazo MSFTColombia Microsoft QuedateEnCasa Ciberseguridad ConfianzaCero SAFE;0
ATENCION El numero de fallecidos por coronavirus ascendio a 3 621 en Ecuador donde la cifra de contagios confirmados totaliza 42 728 es decir 392 casos en las ultimas 24 horas n n 2 437 fallecidos probables por COVID 19 n En Tungurahua 77 muertos y 609 contagios;0
Este grupo etnico del Ecuador habitado por aproximadamente 3 mil habitantes en las provincias de Pastaza Napo y Orellana se sienten afectados en las diversas comunidades y piden a la autoridades el ser tomados en cuenta tras los casos de COVID 19 confirmados;0
Internos de la carcel de Tumaco contagiados con COVID 19 via caracolradio;0
NACIONAL La Cancilleria ecuatoriana informo que abrira un expediente sancionador para un funcionario de la Embajada en Espan a que esta involucrado en una fiesta que rompio el confinamiento el covid 19 en ese pais n nDetalles n;0
Oficialmente he ingresado la denuncia a Contraloria x posibles irregularidades en compra d insumos medicos por Covid 19 n Bomberos Guayaquil Esto s algo q debe acabar Por favor FiscaliaEcuador tomar las acciones correspondientes VillaFernando fabriciovelav anniecanizares;0
El Covid 19 le ha quitado la vida a mas de 400 000 personas en todo el mundo;0
PROTOCOLO DE ATENCION Y DE DESTINO DE RESTOS MORTALES POR POSIBLE COVID 19 NO ES MAS;0
COVID 19 no paro exportaciones pero afecto crecimiento en Ecuador;0
navarrowolff Definitivamente la izquierda es un virus peor que el COVID 19 nAl COVID 19 se controla con aislamiento y bioseguridad pero la izquierda populista no se controla ni se satisface con nada son obstaculo nocivo para reactivar la economia y el auto cuidado para evitar el contagio;0
Contraloria Municipal de Palmira denuncio 21 hallazgos administrativos tras una auditoria especial del PAE en Palmira Valle suscritos luego de la declaratoria de emergencia por el Covid 19 Infortunadamente los casos asi abundan en el pais n;0
Atencion Reportan siete casos mas de COVID 19 en El Espinal Ibague Libano Mariquita y Fresno n nMas detalles;0
el forastero1 MinSaludCol Pero no es asi todo quien llegue con fiebre lo meten por covid 19 me lo dicen mis hermanos que trabajan en un hospital;0
Movilidad Humana Los migrantes son los mas expuestos al contagio del Covid 19 Todos tenemos derecho a la salud sin importar nuestra condicion HumanidadParaTodos Conoce mas IFRC es eu echo;0
Nadie n nFamiliares de pacientes en IMAT Destruyen propiedad privada por el estres que genera tener un familiar fallecido que deba ser cremado por presuncion de Covid 19 n nDireccion de IMAT Nada no hay vacantes para psicologos todavia no los necesitamos n nYo Ah bueno dale;0
Rufianes del ELN asesinan a 2 heroes en Arauca man ana habran protestas en repudio Perdon se me olvidaba que no son lideres de izquierda n n IvanDuque Colombia tiene otros virus peores que el covid 19 ojala se declare estado de excepcion para combatirlos El Patriota;0
Dictaduras democraticas autoritarismo neoliberal y revueltas populares en tiempos de Covid 19 CELAG;0
Denuncian negligencia en traslado de alcaldesa de Iscuande por sospecha de COVID 19 VocesySonidos;0
Por fin petrogustavo reconoce ser uno de los ricos que tanto desprecia Dice q el Covid 19 lo trajeron los ricos en avion y se propago en Transmilenio Cuantos aviones uso para sus 2 viajes a Cuba Cuantos pobres viajan al exterior para una prueba medica;0
Este peligro sigue y no es tan latente ravilapinto ACHC Oficial Por meses habra que tener camas disponibles para pacientes con Covid 19 tienen el costo pero no el ingreso;0
El nuevo total de casos confirmados por MinSalud de Covid19 en Colombia es de 39 236 y 1 259 muertes A nivel mundial ya se han registrado mas de 400 mil fallecidos por esta causa Mas aqui n;0
A veces quisiera creer que se puede trabajar con gente de la oposicion en pro de buscar soluciones a esta situacion por causa del Covid 19 pero me acuerdo que hay personajes como Gustavo Bolivar y se me pasa la idea;0
Se informa a la comunidad que el COVID 19 cobro la vida de otra persona en Santander una mujer de 87 an os en Barrancabermeja n nIncluyendo a esta persona fallecida son 19 los casos reportados hoy en Barrancabermeja Bucaramanga Giron Lebrija y Piedecuesta;0
Profesionales de la salud se reunen en Barranquilla para rendir homenaje al anestesiologo que fallecio por COVID 19;0
Excepto por tres alcaldes no escucho a nadie mas hablando de su estrategia para enfrentar la reactivacion economica y recuperacion del empleo post covid 19 definitivamente estamos jodidos si los GADS no se ponen al frente de la recuperacion de sus territorios quien entonces;0
Covid 19 podria propagarse aun mas en EEUU por protestas en Minneapolis;0
Chile supera las 2 000 muertes por covid 19 al reconocer 653 fallecidos adicionales;0
Otavalo es el canton que registro el incremento de contagios mas importante Aqui los detalles;0
Mundo Ya se supero la barrera de los 7 millones de personas en el mundo que estan han estado contagiadas por COVID 19 de las cuales mas de 3 millones se han recuperado y alrededor de 400 mil han perdido la vida a causa del virus ReporteCOVID19;0
La cifra de contagiados por Covid 19 en Ecuador supero los 43 000 este domingo;0
Dos nuevos casos por Covid 19 se reportaron hoy en Neiva n;0
Alerta en America Latina por COVID 19 el pico de la epidemia no llega y ni siquiera esta a la vista;0
Paciente de 21 an os sufre fractura tipo C en vertebra T9 se realiza estabilizacion minimamente invasiva con recuperacion del alineamiento y cifosis adecuada covid 19 spine trauma pablopenatapia;0
Ahora salimos debiendo despues de arriesgarlo todo Rechazo Covid 19 ministeriosalud IvanDuque AMCI Colombia Fruizgomez;0
marcoveloz1973 cscgye PoliciaEcuador Esto es del Guyaquil que esta en otra dimension en el que dicen que ya no hay muertos por Covid 19;0
Un paciente hospitalizado fallecio el lunes de COVID 19 Usted debe estar refiriendo a otro Guayaquil de otra dimension como Lenin habla de otro Ecuador que esta en su mente;0
